VCC,Date,Time,VOBC,Train Number,Position,Time Difference Between Time-Out and Last Known Position (Seconds),Direction,Chainage (Meters),Last Known Station
VCC1,2018/08/01,08:46:59,231,31,1019/130,-5,GD0,812.5,202B
VCC1,2018/08/08,15:37:17,217,17,1027/331,-1,GD0,2068.75,203B
VCC1,2018/08/10,02:16:52,230,30,1118/ 66,-27,GD0,431.96,
VCC1,2018/08/10,02:16:58,131,30,1118/ 66,-33,GD0,431.96,
VCC1,2018/08/10,02:31:47,231,31,1118/ 66,0,GD0,431.96,
VCC1,2018/08/10,02:31:53,130,31,1118/ 66,-1,GD0,431.96,
VCC1,2018/08/11,13:52:04,207,7,1099/304,-8,GD0,9112.17,
VCC1,2018/08/14,19:11:53,223,23,1032- 33,-14,GD1,1886.96,202A
VCC1,2018/08/15,12:05:15,226,26,1019/133,0,GD0,831.25,202B
VCC1,2018/08/16,04:15:42,216,16,1002- 70,-2,GD1,-437.55,
VCC1,2018/08/20,07:40:48,210,10,1077/262,-2,GD0,7050.1,207B
VCC1,2018/08/22,08:56:20,220,20,1089/199,-3,GD0,8455.92,208B
VCC1,2018/08/23,13:26:41,221,21,1001- 71,-13,GD1,-443.8,
VCC1,2018/08/23,14:48:00,103,3,1002- 70,-14,GD1,-437.55,
VCC1,2018/08/24,22:12:08,215,15,1001- 71,73,GD1,-443.8,
VCC1,2018/08/25,20:56:47,231,31,1089/188,-2,GD0,8387.17,208B
VCC1,2018/09/01,15:07:41,226,26,1002- 70,-11,GD1,-437.55,
VCC1,2018/09/12,13:41:59,232,32,1100- 68,-3,GD1,8774.95,208A
VCC1,2018/09/16,20:32:13,219,19,1100- 71,-10,GD1,8756.2,208A
VCC1,2018/09/16,20:33:15,119,19,1096-128,2,GD1,8399.95,207A
VCC1,2018/09/16,20:35:43,219,19,1090-223,-1,GD1,7806.200000000001,206A
VCC1,2018/09/18,08:06:40,223,23,1100- 77,-8,GD1,8718.7,207A
VCC1,2018/09/19,23:08:14,214,14,1062- 52,-4,GD1,5080.8,205A
VCC1,2018/09/20,17:58:35,230,30,1090-228,-14,GD1,7774.950000000001,206A
VCC1,2018/09/21,18:36:31,237,37,1092-215,-8,GD1,7856.200000000001,207A
VCC1,2018/09/22,09:55:52,236,36,1031/150,-3,GD0,3038.07,203B
VCC1,2018/09/22,12:59:02,231,31,1089/189,-6,GD0,8393.42,208B
VCC1,2018/09/23,11:27:56,236,36,1037/173,8,GD0,3181.82,203B
VCC1,2018/09/24,20:04:26,219,19,1096-149,-1,GD1,8268.7,207A
VCC1,2018/10/01,10:50:20,224,24,1019/ 93,-12,GD0,581.25,202B
VCC1,2018/10/01,11:04:16,124,24,1089/189,0,GD0,8393.42,208B
VCC1,2018/10/04,21:03:35,135,35,1096-138,-10,GD1,8337.45,207A
VCC1,2018/10/05,13:05:57,107,7,1103- 12,-8,GD1,9124.95,208A
VCC1,2018/10/05,13:08:04,207,7,1096-146,-8,GD1,8287.45,207A
VCC1,2018/10/10,14:31:52,215,15,1096-127,-6,GD1,8406.2,207A
VCC1,2018/10/11,18:55:47,231,31,1026- 79,-1,GD1,1599.46,201A
VCC1,2018/10/11,18:56:02,131,31,1026-163,9,GD1,1074.46,201A
VCC1,2018/10/11,19:07:58,231,31,1001- 71,-3,GD1,-443.8,
VCC1,2018/10/11,19:24:24,121,21,1019/126,-13,GD0,787.5,202B
VCC1,2018/10/11,19:24:51,221,21,1019/202,-15,GD0,1262.5,202B
VCC1,2018/10/13,11:07:16,229,29,1122- 14,-6,GD1,119.66999999999999,ILAY
VCC1,2018/10/13,23:27:25,133,33,1019/216,-9,GD0,1350.0,202B
VCC1,2018/10/14,06:07:56,215,15,1019/245,-8,GD0,1531.25,202B
VCC1,2018/10/15,21:20:51,229,29,1001- 71,-2,GD1,-443.8,
VCC1,2018/10/19,07:28:07,204,4,1054-176,-8,GD1,4305.8,204A
VCC1,2018/10/19,07:58:47,116,16,1050-277,-11,GD1,3674.55,203A
VCC1,2018/10/22,07:30:04,219,19,1001- 71,-15,GD1,-443.8,
VCC1,2018/10/22,12:54:34,212,12,1030- 58,-12,GD1,1730.71,201A
VCC1,2018/10/22,21:42:22,112,12,1001- 71,-1,GD1,-443.8,
VCC1,2018/10/23,04:01:33,119,19,1116- 29,-10,GD1,93.64999999999998,ILBY
VCC1,2018/10/23,22:32:30,215,15,1002- 70,-12,GD1,-437.55,
VCC1,2018/10/25,12:05:49,123,23,1029/ 12,5,GD0,2175.57,203B
VCC1,2018/10/26,06:47:57,226,26,1083/ 93,7,GD0,7793.42,207B
VCC1,2018/10/26,12:59:09,217,17,1019/228,-12,GD0,1425.0,202B
VCC1,2018/10/27,19:02:15,211,11,1089/184,-7,GD0,8362.17,208B
VCC1,2018/10/29,22:31:10,201,1,1001- 71,3,GD1,-443.8,
VCC1,2018/10/30,11:07:54,119,19,1001- 71,-11,GD1,-443.8,
VCC1,2018/10/31,10:03:36,222,22,1096-126,-9,GD1,8412.45,207A
VCC1,2018/11/01,06:22:19,207,7,1027/332,-3,GD0,2075.0,203B
VCC1,2018/11/02,04:15:06,122,22,1019/149,-10,GD0,931.25,208B
VCC1,2018/11/02,12:52:16,220,20,1118/ 59,4,GD0,388.21,
VCC1,2018/11/03,05:39:48,230,30,1124/ 19,-7,GD0,-353.79,ST01
VCC1,2018/11/03,16:22:27,226,26,1002- 70,-5,GD1,-437.55,
VCC1,2018/11/05,07:06:57,211,11,1002- 70,-6,GD1,-437.55,
VCC1,2018/11/07,09:39:15,231,31,1096-120,-12,GD1,8449.95,207A
VCC1,2018/11/08,10:45:41,204,4,1070-241,-9,GD1,5705.51,205A
VCC1,2018/11/13,18:03:49,225,25,1096-124,-10,GD1,8424.95,207A
VCC1,2018/11/14,01:11:00,212,12,1001- 71,-3,GD1,-443.8,
VCC1,2018/11/17,18:42:49,226,26,1001- 71,-9,GD1,-443.8,
VCC1,2018/11/18,19:53:18,211,11,1089/189,-4,GD0,8393.42,208B
VCC1,2018/11/19,02:13:01,220,20,1116/ 55,-7,GD0,363.05,
VCC1,2018/11/19,13:40:13,207,7,1002- 70,10,GD1,-437.55,
VCC1,2018/11/19,20:04:21,211,11,1096-127,-6,GD1,8406.2,207A
VCC1,2018/11/21,03:31:32,205,5,1023/288,-1,GD0,1800.0,202B
VCC1,2018/11/21,14:03:14,213,13,1001- 71,-9,GD1,-443.8,
VCC2,2018/08/01,09:12:21,131,31,2055/303,3,GD0,15141.8,214B
VCC2,2018/08/01,09:20:39,231,31,2091/350,-11,GD0,19478.04,218B
VCC2,2018/08/03,14:49:08,126,26,2055/300,-6,GD0,15123.05,214B
VCC2,2018/08/13,09:36:30,222,22,2179/ 61,-12,GD0,28299.34,226B
VCC2,2018/08/15,12:35:45,126,26,2075/ 10,-14,GD0,17353.04,216B
VCC2,2018/08/15,00:16:09,119,19,2177/ 16,-5,GD0,28018.09,226B
VCC2,2018/08/16,00:03:12,102,2,2073/323,-3,GD0,17293.07,216B
VCC2,2018/08/21,21:46:21,119,19,2181/ 72,10,GD0,28368.09,226B
VCC2,2018/08/22,09:26:53,112,12,2181/ 71,-4,GD0,28361.84,226B
VCC2,2018/08/26,04:45:34,131,31,2041/ 53,-13,GD0,13579.3,221B
VCC2,2018/08/26,04:50:04,231,31,2047/208,-8,GD0,14548.05,221B
VCC2,2018/09/02,14:37:41,220,20,2184- 43,-13,GD1,29625.46,227A
VCC2,2018/09/09,06:15:30,222,22,2156-201,-7,GD1,26654.28,224A
VCC2,2018/09/09,14:36:42,216,16,2107/265,-7,GD0,21228.62,219B
VCC2,2018/09/10,04:51:03,236,36,2145/ 77,-7,GD0,23968.69,227B
VCC2,2018/09/10,20:12:39,224,24,2112-302,-6,GD1,21594.37,219A
VCC2,2018/09/12,18:57:59,231,31,2153/300,-2,GD0,25362.44,224B
VCC2,2018/10/01,19:56:19,220,20,2170-287,-9,GD1,28100.46,225A
VCC2,2018/10/02,17:30:00,220,20,2176-204,-5,GD1,28619.21,226A
VCC2,2018/10/05,13:37:46,107,7,2001/  0,-2,GD0,9200.0,209B
VCC2,2018/10/06,02:57:45,216,16,2172/ 74,-1,GD0,28373.07,227A
VCC2,2018/10/06,03:10:18,216,16,2006- 66,-1,GD1,29481.71,
VCC2,2018/10/07,08:48:48,223,23,2073/291,6,GD0,17093.07,216B
VCC2,2018/10/11,17:20:17,117,17,2181/ 72,6,GD0,28368.09,226B
VCC2,2018/10/12,01:42:41,122,22,2160-164,-2,GD1,26885.53,225A
VCC2,2018/10/12,01:58:03,222,22,2162-155,-2,GD1,26941.78,225A
VCC2,2018/10/12,02:02:54,122,22,2162-153,-2,GD1,26954.28,225A
VCC2,2018/10/12,02:10:40,222,22,2197/267,-2,GD0,29586.84,227B
VCC2,2018/10/12,02:14:51,122,22,2197/261,-2,GD0,29549.34,227B
VCC2,2018/10/12,02:18:27,222,22,2197/260,-2,GD0,29543.09,227B
VCC2,2018/10/12,03:23:30,122,22,2184/280,-1,GD0,29660.57,
VCC2,2018/10/17,17:08:57,135,35,2119/100,-17,GD0,22220.05,221B
VCC2,2018/10/18,09:06:25,224,24,2001/  0,6,GD0,9200.0,209B
VCC2,2018/10/19,07:56:43,132,32,2181/ 72,6,GD0,28368.09,226B
VCC2,2018/10/26,04:07:02,203,3,2164/174,-2,GD0,26971.81,
VCC2,2018/10/26,13:36:57,203,3,2181/ 72,31,GD0,28368.09,226B
VCC2,2018/10/26,19:37:40,235,35,2028- 77,-9,GD1,12769.41,210A
VCC2,2018/10/26,02:11:18,103,3,2189/219,-2,GD0,29286.84,227B
VCC2,2018/10/26,02:15:48,103,3,2005/253,-2,GD0,29499.34,227B
VCC2,2018/10/26,02:19:09,103,3,2197/267,-2,GD0,29586.84,227B
VCC2,2018/10/26,02:22:24,103,3,2192/271,-2,GD0,29611.84,227B
VCC2,2018/10/26,02:26:19,103,3,2192/274,-1,GD0,29630.59,227B
VCC2,2018/10/26,02:30:34,103,3,2192/276,-2,GD0,29643.09,227B
VCC2,2018/10/26,02:35:13,103,3,2192/276,-1,GD0,29643.09,227B
VCC2,2018/10/29,13:27:12,223,23,2192- 45,-9,GD1,29615.34,227B
VCC2,2018/10/29,18:20:07,101,1,2002-292,-13,GD1,9409.89,
VCC2,2018/10/31,21:36:29,227,27,2129/221,-11,GD0,22976.3,221B
VCC2,2018/11/03,04:19:23,228,28,2187/164,-8,GD0,28943.09,
VCC2,2018/11/08,22:30:40,131,31,2192/280,-11,GD0,29668.09,227B
VCC2,2018/11/08,22:49:13,219,19,2192/280,-2,GD0,29668.09,227B
VCC2,2018/11/08,23:07:21,235,35,2192/280,-13,GD0,29668.09,227B
VCC2,2018/11/08,23:25:28,207,7,2192/280,-8,GD0,29668.09,227B
VCC2,2018/11/08,23:38:17,236,36,2192/280,-11,GD0,29668.09,227B
VCC2,2018/11/08,00:18:40,214,14,2192/280,-2,GD0,29668.09,227B
VCC2,2018/11/09,18:13:38,114,14,2181/ 67,-13,GD0,28336.84,226B
VCC2,2018/11/09,23:26:03,232,32,2192/280,-12,GD0,29668.09,227B
VCC2,2018/11/09,23:47:25,210,10,2192- 44,-4,GD1,29621.59,
VCC2,2018/11/09,00:18:52,211,11,2192/280,-4,GD0,29668.09,227B
VCC2,2018/11/09,00:28:25,224,24,2192/280,-1,GD0,29668.09,227B
VCC2,2018/11/09,00:46:22,233,33,2192/280,-9,GD0,29668.09,227B
VCC2,2018/11/10,22:39:31,136,36,2192/280,25,GD0,29668.09,227B
VCC2,2018/11/10,22:53:25,217,17,2192/280,-6,GD0,29668.09,227B
VCC2,2018/11/10,00:27:49,235,35,2192/280,-2,GD0,29668.09,227B
VCC2,2018/11/11,03:42:28,103,3,2172-252,-20,GD1,28319.21,226A
VCC2,2018/11/11,14:22:05,124,24,2181/ 71,0,GD0,28361.84,226B
VCC2,2018/11/11,18:52:27,220,20,2096-228,-6,GD1,20162.32,218A
VCC2,2018/11/11,22:39:53,232,32,2192/280,-7,GD0,29668.09,227B
VCC2,2018/11/11,22:51:20,213,13,2192/280,24,GD0,29668.09,227B
VCC2,2018/11/11,00:19:01,229,29,2192/280,-6,GD0,29668.09,227B
VCC2,2018/11/12,00:36:58,219,19,2192/280,-5,GD0,29668.09,227B
VCC2,2018/11/12,00:47:05,215,15,2192/280,-2,GD0,29668.09,227B
VCC2,2018/11/13,22:31:13,204,4,2192/280,22,GD0,29668.09,
VCC2,2018/11/13,22:48:57,229,29,2192/280,-12,GD0,29668.09,227B
VCC2,2018/11/13,23:07:12,215,15,2192/280,31,GD0,29668.09,227B
VCC2,2018/11/13,23:25:35,211,11,2192/280,37,GD0,29668.09,227B
VCC2,2018/11/13,23:38:33,221,21,2192/280,-3,GD0,29668.09,227B
VCC2,2018/11/13,00:18:46,213,13,2192/280,-6,GD0,29668.09,227B
VCC2,2018/11/13,00:25:59,206,6,2192/280,28,GD0,29668.09,227B
VCC2,2018/11/13,00:36:26,207,7,2192/280,-9,GD0,29668.09,227B
VCC2,2018/11/13,00:46:20,217,17,2192/280,2,GD0,29668.09,
VCC2,2018/11/14,07:23:35,112,12,2181/ 67,-13,GD0,28336.84,226B
VCC2,2018/11/14,11:00:47,220,20,2044-131,-11,GD1,14452.98,212A
VCC2,2018/11/14,11:04:31,112,12,2181/ 70,-8,GD0,28355.59,226B
VCC2,2018/11/17,13:48:02,220,20,2032- 25,-3,GD1,13094.41,211A
VCC2,2018/11/19,06:50:24,107,7,2181/ 71,-4,GD0,28361.84,226B
VCC2,2018/11/19,07:52:54,111,11,2061/ 50,-2,GD0,15586.82,215B
VCC2,2018/11/20,08:15:01,207,7,2124- 88,-17,GD1,22931.87,221A
VCC3,2018/08/01,09:52:13,203,3,3104- 76,0,GD1,0.0,
VCC3,2018/08/01,09:59:36,215,15,3107- 76,-7,GD1,0.0,
VCC3,2018/08/01,10:44:37,203,3,3104- 76,-1,GD1,0.0,
VCC3,2018/08/01,11:37:26,131,31,3052/ 20,-4,GD0,0.0,
VCC3,2018/08/01,11:49:20,231,31,3102- 75,-11,GD1,0.0,
VCC3,2018/08/01,15:52:08,207,7,3102- 75,-9,GD1,0.0,
VCC3,2018/08/01,15:56:02,237,37,3095- 72,-6,GD1,0.0,
VCC3,2018/08/02,09:44:57,225,25,3079- 73,-2,GD1,0.0,
VCC3,2018/08/02,09:50:04,210,10,3107- 76,-3,GD1,0.0,
VCC3,2018/08/02,09:55:02,203,3,3104- 76,-1,GD1,0.0,
VCC3,2018/08/02,09:59:52,229,29,3102- 76,-1,GD1,0.0,
VCC3,2018/08/02,11:40:03,232,32,3107- 75,-14,GD1,0.0,
VCC3,2018/08/02,11:47:58,227,27,3079- 65,-8,GD1,0.0,
VCC3,2018/08/02,15:49:09,225,25,3102- 75,-2,GD1,0.0,
VCC3,2018/08/02,20:25:33,223,23,3107- 76,-2,GD1,0.0,
VCC3,2018/08/03,09:43:49,204,4,3104- 76,-1,GD1,0.0,
VCC3,2018/08/03,10:55:29,204,4,3104- 78,24,GD1,0.0,
VCC3,2018/08/03,13:54:05,210,10,3095- 67,-3,GD1,0.0,
VCC3,2018/08/03,16:48:54,126,26,3102- 67,-11,GD1,0.0,
VCC3,2018/08/04,09:44:42,219,19,3107- 76,-10,GD1,0.0,
VCC3,2018/08/04,09:49:57,205,5,3104- 76,-9,GD1,0.0,
VCC3,2018/08/04,10:51:01,105,5,3104/ 12,-4,GD0,0.0,
VCC3,2018/08/05,09:40:58,223,23,3102- 78,7,GD1,0.0,
VCC3,2018/08/05,09:44:12,206,6,3104- 76,-9,GD1,0.0,
VCC3,2018/08/05,09:45:11,230,30,3107- 67,-18,GD1,0.0,
VCC3,2018/08/06,09:55:30,231,31,3102- 76,-10,GD1,0.0,
VCC3,2018/08/06,09:55:35,204,4,3104- 76,-7,GD1,0.0,
VCC3,2018/08/06,10:54:18,228,28,3107- 76,-4,GD1,0.0,
VCC3,2018/08/06,14:53:26,234,34,3102- 76,-1,GD1,0.0,
VCC3,2018/08/06,23:35:16,204,4,3061- 33,-1,GD1,0.0,
VCC3,2018/08/06,02:16:39,208,8,3111/ 80,-18,GD0,0.0,
VCC3,2018/08/06,02:16:46,129,8,3111/ 80,-25,GD0,0.0,
VCC3,2018/08/06,02:37:11,208,8,3043/ 80,-1,GD0,0.0,
VCC3,2018/08/06,02:37:18,129,8,3043/ 80,-2,GD0,0.0,
VCC3,2018/08/07,09:52:21,226,26,3102- 76,-2,GD1,0.0,
VCC3,2018/08/07,10:49:19,205,5,3104- 76,-11,GD1,0.0,
VCC3,2018/08/07,11:57:57,202,2,3102- 76,6,GD1,0.0,
VCC3,2018/08/07,15:55:43,224,24,3102- 76,-2,GD1,0.0,
VCC3,2018/08/08,09:46:42,212,12,3102- 76,-6,GD1,0.0,
VCC3,2018/08/08,09:54:46,205,5,3104- 76,-3,GD1,0.0,
VCC3,2018/08/09,09:55:00,215,15,3107- 76,-10,GD1,0.0,
VCC3,2018/08/09,09:55:54,206,6,3104- 76,-11,GD1,0.0,
VCC3,2018/08/09,10:00:46,225,25,3102- 76,2,GD1,0.0,
VCC3,2018/08/09,11:30:46,206,6,3104- 76,-12,GD1,0.0,
VCC3,2018/08/10,09:40:36,216,16,3102- 76,-11,GD1,0.0,
VCC3,2018/08/10,09:50:42,227,27,3107- 76,4,GD1,0.0,
VCC3,2018/08/10,09:51:32,206,6,3104- 76,-5,GD1,0.0,
VCC3,2018/08/10,14:12:02,237,37,3102- 75,-4,GD1,0.0,
VCC3,2018/08/10,21:38:00,223,23,3102- 78,7,GD1,0.0,
VCC3,2018/08/10,22:00:23,123,23,3102/ 12,-8,GD0,0.0,
VCC3,2018/08/11,09:48:47,230,30,3107- 76,-9,GD1,0.0,
VCC3,2018/08/11,09:55:38,219,19,3104- 76,-7,GD1,0.0,
VCC3,2018/08/11,10:01:55,213,13,3102- 76,7,GD1,0.0,
VCC3,2018/08/11,14:37:23,218,18,3102- 76,-7,GD1,0.0,
VCC3,2018/08/11,14:51:31,207,7,3104- 76,4,GD1,0.0,
VCC3,2018/08/12,09:45:51,233,33,3102- 76,-3,GD1,0.0,
VCC3,2018/08/12,09:51:17,223,23,3104- 76,-8,GD1,0.0,
VCC3,2018/08/12,11:32:40,204,4,3102- 76,-6,GD1,0.0,
VCC3,2018/08/13,09:46:44,226,26,3104- 76,-11,GD1,0.0,
VCC3,2018/08/13,10:02:34,207,7,3107- 76,-7,GD1,0.0,
VCC3,2018/08/13,10:07:50,128,28,3079- 65,-10,GD1,0.0,
VCC3,2018/08/13,10:52:50,207,7,3107- 76,0,GD1,0.0,
VCC3,2018/08/13,13:54:18,234,34,3104- 76,-10,GD1,0.0,
VCC3,2018/08/13,20:56:45,212,12,3016/ 28,-5,GD0,0.0,ST04
VCC3,2018/08/14,09:41:03,207,7,3104- 76,-4,GD1,0.0,
VCC3,2018/08/14,09:45:34,221,21,3107- 76,-10,GD1,0.0,
VCC3,2018/08/14,11:02:46,120,20,3079/ 30,-5,GD0,0.0,
VCC3,2018/08/14,14:18:34,202,2,3102- 76,-12,GD1,0.0,
VCC3,2018/08/14,16:01:03,222,22,3102- 67,5,GD1,0.0,
VCC3,2018/08/15,09:40:45,232,32,3079- 73,-2,GD1,0.0,
VCC3,2018/08/15,09:46:13,218,18,3107- 76,2,GD1,0.0,
VCC3,2018/08/15,09:50:21,229,29,3104- 76,-6,GD1,0.0,
VCC3,2018/08/15,09:53:32,105,5,3102- 75,-8,GD1,0.0,
VCC3,2018/08/15,13:33:06,226,26,3003/ 18,-6,GD0,0.0,DISE
VCC3,2018/08/16,09:35:43,207,7,3107- 76,4,GD1,0.0,
VCC3,2018/08/16,09:40:47,203,3,3102- 76,3,GD1,0.0,
VCC3,2018/08/16,09:48:34,208,8,3104- 76,-5,GD1,0.0,
VCC3,2018/08/16,10:44:54,208,8,3104- 76,-7,GD1,0.0,
VCC3,2018/08/16,20:10:13,225,25,3107- 76,-5,GD1,0.0,
VCC3,2018/08/17,05:34:18,123,23,3021- 32,-5,GD1,0.0,DISE
VCC3,2018/08/17,09:54:21,208,8,3107- 76,-4,GD1,0.0,
VCC3,2018/08/17,11:10:35,211,11,3095- 67,-9,GD1,0.0,
VCC3,2018/08/17,11:59:47,126,26,3090/ 57,-5,GD0,0.0,
VCC3,2018/08/17,13:46:21,227,27,3104- 78,3,GD1,0.0,
VCC3,2018/08/17,16:05:30,211,11,3104- 76,-7,GD1,0.0,
VCC3,2018/08/17,21:11:52,202,2,3107- 67,-8,GD1,0.0,
VCC3,2018/08/18,09:37:19,221,21,3107- 76,4,GD1,0.0,
VCC3,2018/08/18,09:39:39,209,9,3102- 67,-12,GD1,0.0,
VCC3,2018/08/18,09:41:45,223,23,3104- 76,-2,GD1,0.0,
VCC3,2018/08/19,09:45:05,220,20,3107- 76,-8,GD1,0.0,
VCC3,2018/08/19,09:49:13,226,26,3104- 76,-3,GD1,0.0,
VCC3,2018/08/19,09:52:57,204,4,3102- 78,8,GD1,0.0,
VCC3,2018/08/19,11:42:12,230,30,3104- 78,12,GD1,0.0,
VCC3,2018/08/19,13:29:58,219,19,3003- 69,-16,GD1,0.0,DISE
VCC3,2018/08/19,20:13:38,228,28,3079- 65,4,GD1,0.0,
VCC3,2018/08/19,20:54:41,130,30,3104- 70,-15,GD1,0.0,
VCC3,2018/08/19,21:19:27,228,28,3079- 73,-9,GD1,0.0,
VCC3,2018/08/19,01:15:57,203,3,3013- 70,14,GD1,0.0,DISE
VCC3,2018/08/20,09:35:16,217,17,3102- 76,-3,GD1,0.0,
VCC3,2018/08/20,10:12:02,209,9,3104- 76,0,GD1,0.0,
VCC3,2018/08/20,10:45:09,217,17,3090- 67,-12,GD1,0.0, TT1
VCC3,2018/08/20,11:09:34,209,9,3104- 76,-2,GD1,0.0,
VCC3,2018/08/20,11:29:53,236,36,3102- 75,-48,GD1,0.0,
VCC3,2018/08/20,13:35:05,108,8,3087- 73,-2,GD1,0.0,
VCC3,2018/08/20,00:51:41,217,17,3013/ 18,11,GD0,0.0,DISE
VCC3,2018/08/21,09:39:59,209,9,3104- 76,-11,GD1,0.0,
VCC3,2018/08/21,09:51:01,202,2,3102- 76,0,GD1,0.0,
VCC3,2018/08/21,22:39:24,117,17,3013- 70,-4,GD1,0.0,DISE
VCC3,2018/08/22,07:11:17,210,10,3107- 76,0,GD1,0.0,
VCC3,2018/08/22,09:48:19,212,12,3104- 76,-4,GD1,0.0,
VCC3,2018/08/22,09:58:04,237,37,3102- 76,-6,GD1,0.0,
VCC3,2018/08/22,11:31:51,210,10,3107- 75,-15,GD1,0.0,
VCC3,2018/08/22,13:55:53,212,12,3104- 75,-14,GD1,0.0,
VCC3,2018/08/22,14:02:01,120,20,3102- 67,-7,GD1,0.0,
VCC3,2018/08/22,20:40:49,214,14,3003/ 18,8,GD0,0.0,
VCC3,2018/08/23,04:26:47,237,37,3003- 70,-1,GD1,0.0,DISE
VCC3,2018/08/23,06:34:53,137,37,3095- 68,-8,GD1,0.0,
VCC3,2018/08/23,09:39:31,232,32,3107- 78,6,GD1,0.0,
VCC3,2018/08/23,09:54:29,210,10,3104- 76,-3,GD1,0.0,
VCC3,2018/08/23,10:18:03,203,3,3102- 78,10,GD1,0.0,
VCC3,2018/08/23,10:23:57,237,37,3095- 73,-7,GD1,0.0,
VCC3,2018/08/23,10:33:46,237,37,3095- 73,-4,GD1,0.0,
VCC3,2018/08/23,11:36:10,219,19,3107- 76,-6,GD1,0.0,
VCC3,2018/08/24,09:33:52,219,19,3102- 75,-12,GD1,0.0,
VCC3,2018/08/24,10:00:25,227,27,3104- 76,-4,GD1,0.0,
VCC3,2018/08/24,10:51:04,106,6,3095- 76,-5,GD1,0.0,
VCC3,2018/08/24,13:55:46,237,37,3107- 76,-1,GD1,0.0,
VCC3,2018/08/25,09:35:37,219,19,3102- 76,-7,GD1,0.0,
VCC3,2018/08/25,09:42:06,206,6,3107- 75,-13,GD1,0.0,
VCC3,2018/08/25,14:39:51,208,8,3079- 73,5,GD1,0.0,
VCC3,2018/08/26,09:39:13,204,4,3107- 76,2,GD1,0.0,
VCC3,2018/08/26,09:41:35,217,17,3104- 76,-7,GD1,0.0,
VCC3,2018/08/26,11:09:21,231,31,3102- 75,-10,GD1,0.0,
VCC3,2018/08/26,00:35:33,228,28,3003/ 18,-10,GD0,0.0,ST05
VCC3,2018/08/26,00:44:48,229,29,3003/ 18,-17,GD0,0.0,ST08
VCC3,2018/08/27,06:13:15,237,37,3079/ 14,5,GD0,0.0,
VCC3,2018/08/27,09:47:27,231,31,3102- 76,-3,GD1,0.0,
VCC3,2018/08/27,09:51:55,211,11,3104- 76,-8,GD1,0.0,
VCC3,2018/08/27,14:15:36,236,36,3107- 76,-2,GD1,0.0,
VCC3,2018/08/27,16:45:35,230,30,3107- 76,-5,GD1,0.0,
VCC3,2018/08/28,09:42:37,202,2,3102- 76,-1,GD1,0.0,
VCC3,2018/08/28,09:43:56,211,11,3104- 76,-5,GD1,0.0,
VCC3,2018/08/28,11:29:22,207,7,3102- 76,-6,GD1,0.0,
VCC3,2018/08/28,14:29:18,234,34,3087- 73,-8,GD1,0.0,
VCC3,2018/08/29,02:15:04,128,28, 3032/ 5,-24,GD0,0.0,
VCC3,2018/08/29,09:49:11,207,7,3102- 76,0,GD1,0.0,
VCC3,2018/08/29,10:08:40,212,12,3104- 76,-10,GD1,0.0,
VCC3,2018/08/29,10:54:22,212,12,3104- 76,-11,GD1,0.0,
VCC3,2018/08/29,15:49:16,220,20,3102- 76,3,GD1,0.0,
VCC3,2018/08/30,09:39:30,205,5,3107- 78,5,GD1,0.0,
VCC3,2018/08/30,09:49:56,212,12,3104- 76,-10,GD1,0.0,
VCC3,2018/08/30,09:51:51,232,32,3102- 76,-2,GD1,0.0,
VCC3,2018/08/30,11:15:25,225,25,3107- 76,-10,GD1,0.0,
VCC3,2018/08/31,09:41:45,227,27,3104- 76,-6,GD1,0.0,
VCC3,2018/08/31,10:26:27,206,6,3095- 76,-1,GD1,0.0,
VCC3,2018/08/31,10:31:39,209,9,3107- 76,-3,GD1,0.0,
VCC3,2018/08/31,14:31:49,237,37,3104- 76,-5,GD1,0.0,
VCC3,2018/09/01,09:39:38,208,8,3102- 76,-10,GD1,0.0,
VCC3,2018/09/01,09:44:43,221,21,3104- 76,4,GD1,0.0,
VCC3,2018/09/01,09:49:39,217,17,3107- 76,3,GD1,0.0,
VCC3,2018/09/01,14:11:20,221,21,3104- 67,-8,GD1,0.0,
VCC3,2018/09/01,14:27:58,206,6,3104- 76,-7,GD1,0.0,
VCC3,2018/09/01,20:29:38,206,6,3104- 67,-9,GD1,0.0,
VCC3,2018/09/02,09:30:07,204,4,3104- 76,-2,GD1,0.0,
VCC3,2018/09/02,09:36:20,223,23,3107- 76,5,GD1,0.0,
VCC3,2018/09/02,09:40:57,126,26,3079- 73,-13,GD1,0.0,
VCC3,2018/09/02,11:38:07,219,19,3107- 76,3,GD1,0.0,
VCC3,2018/09/02,14:31:36,230,30,3104- 76,-2,GD1,0.0,
VCC3,2018/09/02,15:49:38,108,8,3102/ 21,-19,GD0,0.0,DIL2
VCC3,2018/09/02,21:01:45,208,8,3095- 67,-6,GD1,0.0,
VCC3,2018/09/03,09:41:09,219,19,3087- 73,-3,GD1,0.0,
VCC3,2018/09/03,09:45:09,213,13,3104- 76,-1,GD1,0.0,
VCC3,2018/09/03,09:47:35,233,33,3107- 76,3,GD1,0.0,
VCC3,2018/09/03,09:53:05,128,28,3102- 75,-5,GD1,0.0,
VCC3,2018/09/03,10:03:33,136,36,3079- 65,4,GD1,0.0,
VCC3,2018/09/03,10:36:52,213,13,3104- 76,-11,GD1,0.0,
VCC3,2018/09/03,13:34:52,234,34,3102- 76,-2,GD1,0.0,
VCC3,2018/09/03,13:55:38,204,4,3087- 65,-1,GD1,0.0,
VCC3,2018/09/03,15:33:47,118,18,3095- 68,-10,GD1,0.0,
VCC3,2018/09/04,09:39:45,207,7,3079- 65,0,GD1,0.0,
VCC3,2018/09/04,09:48:45,213,13,3104- 76,-8,GD1,0.0,
VCC3,2018/09/04,09:57:26,229,29,3102- 76,-2,GD1,0.0,
VCC3,2018/09/04,11:12:42,124,24,3079- 65,4,GD1,0.0,
VCC3,2018/09/04,11:31:38,211,11,3102- 76,-2,GD1,0.0,
VCC3,2018/09/05,09:33:31,206,6,3087- 65,1,GD1,0.0,
VCC3,2018/09/05,09:48:22,218,18,3102- 76,6,GD1,0.0,
VCC3,2018/09/05,09:55:54,214,14,3104- 76,-9,GD1,0.0,
VCC3,2018/09/05,10:24:05,205,5,3107- 76,-5,GD1,0.0,
VCC3,2018/09/05,10:54:25,214,14,3104- 76,-11,GD1,0.0,
VCC3,2018/09/05,11:52:48,215,15,3102- 76,0,GD1,0.0,
VCC3,2018/09/05,14:42:27,209,9,3102- 76,-10,GD1,0.0,
VCC3,2018/09/05,22:34:48,213,13,3102- 76,-9,GD1,0.0,
VCC3,2018/09/06,09:54:59,214,14,3104- 76,-10,GD1,0.0,
VCC3,2018/09/06,09:57:14,203,3,3107- 76,-7,GD1,0.0,
VCC3,2018/09/06,11:08:24,120,20,3079- 65,18,GD1,0.0,
VCC3,2018/09/06,11:38:29,212,12,3107- 70,-3,GD1,0.0,
VCC3,2018/09/06,16:20:59,225,25,3107- 76,-12,GD1,0.0,
VCC3,2018/09/06,20:54:00,213,13,3104- 76,-8,GD1,0.0,
VCC3,2018/09/06,21:01:11,113,13,3104/ 12,-9,GD0,0.0,
VCC3,2018/09/07,09:49:46,213,13,3102- 75,2,GD1,0.0,
VCC3,2018/09/07,10:01:29,227,27,3104- 76,-6,GD1,0.0,
VCC3,2018/09/07,10:09:32,116,16,3107- 75,-1,GD1,0.0,
VCC3,2018/09/07,14:46:47,232,32,3102/ 16,-1,GD0,0.0,
VCC3,2018/09/07,21:08:32,103,3,3087- 72,6,GD1,0.0,
VCC3,2018/09/08,09:16:49,106,6,3104- 67,-9,GD1,0.0,
VCC3,2018/09/08,11:02:30,217,17,3104- 76,-9,GD1,0.0,
VCC3,2018/09/09,09:27:48,223,23,3107- 76,-12,GD1,0.0,
VCC3,2018/09/09,10:47:39,226,26,3104- 76,-4,GD1,0.0,
VCC3,2018/09/09,15:27:24,219,19,3104- 76,-1,GD1,0.0,
VCC3,2018/09/09,22:53:40,221,21,3011/ 73,-9,GD0,0.0,
VCC3,2018/09/10,09:02:48,222,22,3104- 67,-1,GD1,0.0,
VCC3,2018/09/10,09:58:06,215,15,3107- 76,-5,GD1,0.0,
VCC3,2018/09/10,10:25:18,231,31,3104- 76,-2,GD1,0.0,
VCC3,2018/09/10,13:26:21,233,33,3104- 76,0,GD1,0.0,
VCC3,2018/09/11,09:42:42,215,15,3107- 76,-2,GD1,0.0,
VCC3,2018/09/11,14:56:12,207,7,3104- 76,-4,GD1,0.0,
VCC3,2018/09/12,10:20:53,202,2,3104- 78,8,GD1,0.0,
VCC3,2018/09/12,10:50:47,216,16,3107- 78,13,GD1,0.0,
VCC3,2018/09/12,11:48:05,205,5,3104- 76,-10,GD1,0.0,
VCC3,2018/09/12,15:28:11,213,13,3104- 76,-11,GD1,0.0,
VCC3,2018/09/12,16:56:52,220,20,3107- 76,-10,GD1,0.0,
VCC3,2018/09/12,17:10:54,113,13,3104/ 12,2,GD0,0.0,
VCC3,2018/09/13,08:24:35,227,27,3013- 69,-2,GD1,0.0,DISE
VCC3,2018/09/13,09:46:45,216,16,3107- 76,-3,GD1,0.0,
VCC3,2018/09/13,10:14:37,225,25,3104- 78,7,GD1,0.0,
VCC3,2018/09/13,11:42:33,235,35,3104- 75,-15,GD1,0.0,
VCC3,2018/09/13,11:43:12,132,32,3095- 68,-5,GD1,0.0,
VCC3,2018/09/13,15:40:54,213,13,3104- 76,-4,GD1,0.0,
VCC3,2018/09/13,18:29:07,201,1,3102- 76,3,GD1,0.0,
VCC3,2018/09/14,02:34:55,201,1,3102- 76,-7,GD1,0.0,
VCC3,2018/09/14,04:59:05,121,21,3021- 32,-12,GD1,0.0,DISE
VCC3,2018/09/14,09:40:43,232,32,3104- 76,-1,GD1,0.0,
VCC3,2018/09/14,09:43:44,217,17,3107- 76,-7,GD1,0.0,
VCC3,2018/09/14,10:30:59,217,17,3107- 76,-4,GD1,0.0,
VCC3,2018/09/14,11:33:47,201,1,3102- 76,-1,GD1,0.0,
VCC3,2018/09/14,15:25:08,201,1,3102- 78,8,GD1,0.0,
VCC3,2018/09/15,09:30:48,221,21,3107- 76,-8,GD1,0.0,
VCC3,2018/09/15,09:31:10,206,6,3079- 65,-9,GD1,0.0,
VCC3,2018/09/15,20:14:23,108,8,3104- 75,-8,GD1,0.0,
VCC3,2018/09/16,09:34:08,230,30,3107- 76,-7,GD1,0.0,
VCC3,2018/09/16,09:38:40,226,26,3104- 75,-18,GD1,0.0,
VCC3,2018/09/16,10:42:39,223,23,3104- 76,-9,GD1,0.0,
VCC3,2018/09/16,11:36:04,233,33,3107- 75,-13,GD1,0.0,
VCC3,2018/09/16,14:04:58,123,23,3104/ 12,-11,GD0,0.0,
VCC3,2018/09/16,20:14:15,204,4,3079- 65,5,GD1,0.0,
VCC3,2018/09/17,09:40:28,206,6,3104- 76,3,GD1,0.0,
VCC3,2018/09/17,09:49:51,217,17,3107- 76,-5,GD1,0.0,
VCC3,2018/09/17,11:12:10,224,24,3104- 76,-4,GD1,0.0,
VCC3,2018/09/17,14:14:56,234,34,3104- 75,-16,GD1,0.0,
VCC3,2018/09/17,17:07:48,228,28,3107- 76,-3,GD1,0.0,
VCC3,2018/09/18,09:29:48,220,20,3095- 76,-1,GD1,0.0,
VCC3,2018/09/18,10:18:51,236,36,3107- 76,-4,GD1,0.0,
VCC3,2018/09/18,10:39:08,234,34,3013/ 18,-8,GD0,0.0,DISE
VCC3,2018/09/18,11:08:05,224,24,3104- 76,-7,GD1,0.0,
VCC3,2018/09/18,15:12:27,234,34,3032/ 53,-19,GD0,0.0,
VCC3,2018/09/18,16:31:18,220,20,3107- 76,-1,GD1,0.0,
VCC3,2018/09/19,09:48:33,215,15,3104- 76,-12,GD1,0.0,
VCC3,2018/09/19,09:55:24,202,2,3102- 76,-1,GD1,0.0,
VCC3,2018/09/19,10:44:32,218,18,3107- 76,5,GD1,0.0,
VCC3,2018/09/19,14:04:54,201,1,3104- 76,-6,GD1,0.0,
VCC3,2018/09/19,16:21:03,218,18,3107- 67,-5,GD1,0.0,
VCC3,2018/09/19,17:02:35,229,29,3079- 73,-2,GD1,0.0,
VCC3,2018/09/20,09:47:04,201,1,3102- 76,-4,GD1,0.0,
VCC3,2018/09/20,09:49:02,218,18,3107- 76,-10,GD1,0.0,
VCC3,2018/09/20,09:54:00,212,12,3104- 76,-9,GD1,0.0,
VCC3,2018/09/20,15:17:54,210,10,3104- 76,-7,GD1,0.0,
VCC3,2018/09/21,04:41:13,130,30,3013- 70,-6,GD1,0.0,DISE
VCC3,2018/09/21,09:21:57,220,20,3095- 76,-3,GD1,0.0,
VCC3,2018/09/21,09:44:23,216,16,3079- 72,-3,GD1,0.0,
VCC3,2018/09/21,09:51:15,237,37,3107- 76,-1,GD1,0.0,
VCC3,2018/09/21,09:56:58,232,32,3104- 76,-7,GD1,0.0,
VCC3,2018/09/21,10:01:16,212,12,3102- 74,2,GD1,0.0,
VCC3,2018/09/21,11:28:56,135,35,3090- 67,-1,GD1,0.0,
VCC3,2018/09/21,14:52:57,235,35,3107- 76,-7,GD1,0.0,
VCC3,2018/09/21,20:38:52,220,20,3104- 76,-3,GD1,0.0,
VCC3,2018/09/21,20:59:06,120,20,3104/ 12,-5,GD0,0.0,
VCC3,2018/09/22,11:48:27,227,27,3104- 76,-5,GD1,0.0,
VCC3,2018/09/23,09:36:10,204,4,3107- 76,3,GD1,0.0,
VCC3,2018/09/23,10:54:53,226,26,3104- 76,5,GD1,0.0,
VCC3,2018/09/23,11:46:26,233,33,3107- 78,10,GD1,0.0,
VCC3,2018/09/23,15:07:16,224,24,3104- 76,-7,GD1,0.0,
VCC3,2018/09/24,09:46:43,228,28,3102- 75,-11,GD1,0.0,
VCC3,2018/09/24,11:06:27,226,26,3003/ 18,-2,GD0,0.0,DISE
VCC3,2018/09/24,14:58:31,234,34,3107- 76,-8,GD1,0.0,
VCC3,2018/09/25,09:30:49,217,17,3107- 67,6,GD1,0.0,
VCC3,2018/09/25,09:38:35,224,24,3104- 76,-10,GD1,0.0,
VCC3,2018/09/25,14:47:45,225,25,3107- 76,-10,GD1,0.0,
VCC3,2018/09/25,15:45:53,211,11,3102- 76,-10,GD1,0.0,
VCC3,2018/09/26,04:12:54,115,15,3011/ 59,-4,GD0,0.0,
VCC3,2018/09/26,07:43:29,215,15,3107- 76,-3,GD1,0.0,
VCC3,2018/09/26,09:36:01,229,29,3104- 76,-2,GD1,0.0,
VCC3,2018/09/26,11:14:15,222,22,3104- 76,-10,GD1,0.0,
VCC3,2018/09/26,11:19:05,205,5,3107- 76,-1,GD1,0.0,
VCC3,2018/09/26,13:56:02,233,33,3102- 76,-7,GD1,0.0,
VCC3,2018/09/26,16:04:27,215,15,3102- 76,-8,GD1,0.0,
VCC3,2018/09/27,09:30:11,212,12,3087- 65,-11,GD1,0.0,
VCC3,2018/09/27,09:38:46,214,14,3104- 76,-10,GD1,0.0,
VCC3,2018/09/27,10:00:10,219,19,3107- 76,-6,GD1,0.0,
VCC3,2018/09/27,10:44:44,219,19,3107- 76,-2,GD1,0.0,
VCC3,2018/09/27,11:20:06,227,27,3090- 24,-1,GD1,0.0,
VCC3,2018/09/27,11:52:20,210,10,3104- 76,-7,GD1,0.0,
VCC3,2018/09/27,15:09:53,203,3,3104- 76,-4,GD1,0.0,
VCC3,2018/09/27,20:46:10,128,28,3087- 73,-5,GD1,0.0,
VCC3,2018/09/27,21:05:04,115,15,3102- 74,-14,GD1,0.0,
VCC3,2018/09/28,09:19:37,225,25,3102- 76,-3,GD1,0.0,
VCC3,2018/09/28,09:41:18,235,35,3104- 76,-7,GD1,0.0,
VCC3,2018/09/28,09:54:07,219,19,3107- 76,2,GD1,0.0,
VCC3,2018/09/28,10:39:11,220,20,3104- 67,-9,GD1,0.0,
VCC3,2018/09/28,11:25:54,227,27,3090- 21,-7,GD1,0.0,
VCC3,2018/09/28,14:16:57,218,18,3104- 76,-10,GD1,0.0,
VCC3,2018/09/28,14:18:43,216,16,3079- 65,-6,GD1,0.0,
VCC3,2018/09/29,09:38:14,227,27,3107- 76,-3,GD1,0.0,
VCC3,2018/09/29,09:43:47,208,8,3104- 76,-2,GD1,0.0,
VCC3,2018/09/29,11:29:41,237,37,3104- 76,-12,GD1,0.0,
VCC3,2018/09/29,15:55:59,221,21,3104- 75,-18,GD1,0.0,
VCC3,2018/09/30,09:29:11,207,7,3107- 76,-7,GD1,0.0,
VCC3,2018/09/30,09:42:27,223,23,3104- 76,-11,GD1,0.0,
VCC3,2018/09/30,09:46:12,204,4,3102- 76,3,GD1,0.0,
VCC3,2018/09/30,11:45:58,228,28,3104- 76,-1,GD1,0.0,
VCC3,2018/09/30,21:09:57,224,24,3104- 76,-2,GD1,0.0,
VCC3,2018/09/30,22:48:32,207,7,3102- 76,-11,GD1,0.0,
VCC3,2018/10/01,09:49:48,220,20,3107- 76,-11,GD1,0.0,
VCC3,2018/10/01,09:53:31,230,30,3104- 78,6,GD1,0.0,
VCC3,2018/10/01,10:21:06,217,17,3095- 67,-6,GD1,0.0,
VCC3,2018/10/01,10:32:26,220,20,3107- 76,-4,GD1,0.0,
VCC3,2018/10/01,11:16:12,234,34,3102- 75,-13,GD1,0.0,
VCC3,2018/10/01,11:20:36,117,17,3095- 68,-11,GD1,0.0,
VCC3,2018/10/01,11:31:41,215,15,3090- 37,-1,GD1,0.0,
VCC3,2018/10/01,14:23:56,231,31,3104- 75,-12,GD1,0.0,
VCC3,2018/10/01,15:12:10,207,7,3102- 76,-3,GD1,0.0,
VCC3,2018/10/01,21:23:56,107,7,3102/ 12,-5,GD0,0.0,
VCC3,2018/10/01,21:50:58,207,7,3107- 78,5,GD1,0.0,
VCC3,2018/10/02,10:11:04,213,13,3102- 76,-8,GD1,0.0,
VCC3,2018/10/02,10:58:12,213,13,3101/ 48,-14,GD0,0.0,
VCC3,2018/10/02,11:19:45,211,11,3102- 76,-2,GD1,0.0,
VCC3,2018/10/02,14:15:48,204,4,3087- 59,-2,GD1,0.0,  CL
VCC3,2018/10/02,14:55:54,224,24,3102- 78,8,GD1,0.0,
VCC3,2018/10/02,15:24:30,204,4,3003- 69,-12,GD1,0.0,DISE
VCC3,2018/10/02,00:04:34,222,22,3095- 67,2,GD1,0.0,
VCC3,2018/10/03,09:50:54,209,9,3104- 75,-17,GD1,0.0,
VCC3,2018/10/03,11:27:42,229,29,3104- 76,-6,GD1,0.0,
VCC3,2018/10/04,09:45:14,225,25,3102- 78,7,GD1,0.0,
VCC3,2018/10/04,09:50:44,221,21,3104- 76,-3,GD1,0.0,
VCC3,2018/10/04,09:53:34,222,22,3107- 78,12,GD1,0.0,
VCC3,2018/10/04,10:37:12,221,21,3104- 76,-1,GD1,0.0,
VCC3,2018/10/04,15:13:26,203,3,3102- 78,9,GD1,0.0,
VCC3,2018/10/05,09:39:24,232,32,3104- 76,-6,GD1,0.0,
VCC3,2018/10/05,09:48:46,221,21,3107- 76,-11,GD1,0.0,
VCC3,2018/10/05,13:58:14,235,35,3104- 76,-8,GD1,0.0,
VCC3,2018/10/05,15:15:05,135,35,3104/ 12,13,GD0,0.0,
VCC3,2018/10/05,15:35:39,207,7,3104- 76,-6,GD1,0.0,
VCC3,2018/10/05,15:52:21,237,37,3102- 76,-2,GD1,0.0,
VCC3,2018/10/05,00:22:01,216,16,3013- 69,-6,GD1,0.0,DISE
VCC3,2018/10/06,09:41:55,208,8,3102- 75,-13,GD1,0.0,
VCC3,2018/10/06,09:45:35,218,18,3107- 76,-10,GD1,0.0,
VCC3,2018/10/07,09:48:08,230,30,3107- 78,7,GD1,0.0,
VCC3,2018/10/07,09:52:26,217,17,3104- 78,5,GD1,0.0,
VCC3,2018/10/07,10:34:33,208,8,3102- 76,-4,GD1,0.0,
VCC3,2018/10/07,11:21:57,226,26,3107- 76,-2,GD1,0.0,
VCC3,2018/10/08,09:48:58,222,22,3107- 76,-4,GD1,0.0,
VCC3,2018/10/08,09:50:12,120,20,3095/ 13,-4,GD0,0.0,
VCC3,2018/10/08,09:54:58,237,37,3102- 67,-9,GD1,0.0,
VCC3,2018/10/08,10:19:01,234,34,3104- 76,-3,GD1,0.0,
VCC3,2018/10/08,10:34:57,228,28,3102- 75,-14,GD1,0.0,
VCC3,2018/10/08,13:40:56,208,8,3107- 76,-11,GD1,0.0,
VCC3,2018/10/08,15:21:38,231,31,3104- 76,6,GD1,0.0,
VCC3,2018/10/08,20:50:50,231,31,3104- 78,7,GD1,0.0,
VCC3,2018/10/09,02:53:20,220,20,3043/ 80,-22,GD0,0.0,
VCC3,2018/10/09,02:53:27,129,20,3043/ 80,17,GD0,0.0,
VCC3,2018/10/09,03:09:09,220,20,3111/ 80,-3,GD0,0.0,
VCC3,2018/10/09,03:09:15,129,20,3111/ 80,-9,GD0,0.0,
VCC3,2018/10/09,03:29:27,120,20,3003/ 18,-17,GD0,0.0,DISE
VCC3,2018/10/09,07:17:58,231,31,3101/ 48,9,GD0,0.0,
VCC3,2018/10/09,09:51:59,224,24,3104- 76,-11,GD1,0.0,
VCC3,2018/10/09,10:03:10,201,1,3107- 75,-4,GD1,0.0,
VCC3,2018/10/09,12:05:17,104,4,3095- 68,-6,GD1,0.0,
VCC3,2018/10/09,15:50:26,204,4,3104- 67,-10,GD1,0.0,
VCC3,2018/10/09,20:42:28,204,4,3090- 24,-6,GD1,0.0, TT1
VCC3,2018/10/10,10:01:50,109,9,3102- 75,-4,GD1,0.0,
VCC3,2018/10/10,10:21:15,229,29,3104- 76,-1,GD1,0.0,
VCC3,2018/10/10,10:50:16,222,22,3107- 76,-8,GD1,0.0,
VCC3,2018/10/10,13:57:54,203,3,3087- 73,6,GD1,0.0,
VCC3,2018/10/11,01:49:04,132,32, 3079- 6,-3,GD1,0.0,
VCC3,2018/10/11,09:43:59,203,3,3079- 73,6,GD1,0.0,
VCC3,2018/10/11,09:47:36,222,22,3107- 76,-10,GD1,0.0,
VCC3,2018/10/11,09:48:28,204,4,3095- 67,-4,GD1,0.0,
VCC3,2018/10/11,11:30:57,237,37,3090- 24,-12,GD1,0.0,
VCC3,2018/10/11,14:43:11,204,4,3090- 67,-5,GD1,0.0,
VCC3,2018/10/11,15:04:40,212,12,3104- 76,0,GD1,0.0,
VCC3,2018/10/11,15:20:20,204,4,3090- 67,3,GD1,0.0,
VCC3,2018/10/11,00:27:41,222,22,3013/ 18,-12,GD0,0.0,DISE
VCC3,2018/10/12,09:33:56,237,37,3107- 75,-1,GD1,0.0,
VCC3,2018/10/12,10:17:18,216,16,3095- 76,2,GD1,0.0,
VCC3,2018/10/12,10:18:01,210,10,3102- 76,3,GD1,0.0,
VCC3,2018/10/12,14:11:19,226,26,3104- 76,-11,GD1,0.0,
VCC3,2018/10/12,14:16:02,209,9,3087- 73,-9,GD1,0.0,
VCC3,2018/10/12,15:28:00,215,15,3107- 76,-11,GD1,0.0,
VCC3,2018/10/12,15:42:07,126,26,3104/ 12,-11,GD0,0.0,
VCC3,2018/10/12,19:31:02,216,16,3107- 76,-9,GD1,0.0,
VCC3,2018/10/13,09:40:13,223,23,3104- 76,-12,GD1,0.0,
VCC3,2018/10/13,13:49:09,211,11,3104- 76,5,GD1,0.0,
VCC3,2018/10/13,20:10:11,228,28,3104- 76,-5,GD1,0.0,
VCC3,2018/10/14,09:46:06,233,33,3104- 76,-11,GD1,0.0,
VCC3,2018/10/14,10:33:19,226,26,3102- 76,-12,GD1,0.0,
VCC3,2018/10/14,13:41:11,204,4,3107- 76,-6,GD1,0.0,
VCC3,2018/10/15,09:52:32,217,17,3104- 76,-11,GD1,0.0,
VCC3,2018/10/15,09:54:46,223,23,3107- 76,-6,GD1,0.0,
VCC3,2018/10/15,09:56:09,234,34,3102- 75,-8,GD1,0.0,
VCC3,2018/10/15,10:36:39,223,23,3107- 76,-7,GD1,0.0,
VCC3,2018/10/15,11:51:17,224,24,3102- 76,0,GD1,0.0,
VCC3,2018/10/16,09:40:59,120,20,3102- 75,-6,GD1,0.0,
VCC3,2018/10/16,10:12:22,211,11,3104- 76,-8,GD1,0.0,
VCC3,2018/10/16,14:38:15,208,8,3087- 73,-4,GD1,0.0,
VCC3,2018/10/16,15:11:08,128,28,3102- 67,-4,GD1,0.0,
VCC3,2018/10/16,16:20:09,213,13,3104- 76,-2,GD1,0.0,
VCC3,2018/10/17,04:02:25,201,1,3111- 15,-19,GD1,0.0,DISE
VCC3,2018/10/17,09:35:15,229,29,3102- 76,-12,GD1,0.0,
VCC3,2018/10/17,09:45:08,223,23,3107- 76,-4,GD1,0.0,
VCC3,2018/10/17,09:47:57,224,24,3104- 76,-9,GD1,0.0,
VCC3,2018/10/17,10:41:09,224,24,3104- 78,19,GD1,0.0,
VCC3,2018/10/17,11:06:32,208,8,3102- 76,2,GD1,0.0,
VCC3,2018/10/18,09:32:46,213,13,3107- 67,-7,GD1,0.0,
VCC3,2018/10/18,09:53:49,210,10,3102- 76,2,GD1,0.0,
VCC3,2018/10/18,14:28:20,205,5,3087- 65,-4,GD1,0.0,
VCC3,2018/10/18,14:34:57,135,35,3090/ 57,-1,GD0,0.0, TT2
VCC3,2018/10/18,14:53:02,135,35,3090- 24,-10,GD1,0.0, TT1
VCC3,2018/10/18,14:55:55,212,12,3102- 76,-6,GD1,0.0,
VCC3,2018/10/18,15:36:44,135,35,3095- 68,-2,GD1,0.0,
VCC3,2018/10/18,16:29:39,135,35,3090- 24,-5,GD1,0.0, TT1
VCC3,2018/10/18,16:57:43,135,35,3090- 24,0,GD1,0.0, TT1
VCC3,2018/10/18,20:30:07,135,35,3095- 68,-11,GD1,0.0,
VCC3,2018/10/19,09:30:47,216,16,3107- 76,-13,GD1,0.0,
VCC3,2018/10/19,09:44:33,212,12,3095- 76,-5,GD1,0.0,
VCC3,2018/10/19,09:47:34,201,1,3102- 76,-2,GD1,0.0,
VCC3,2018/10/19,09:53:59,225,25,3104- 76,-9,GD1,0.0,
VCC3,2018/10/19,10:58:46,237,37,3104- 67,0,GD1,0.0,
VCC3,2018/10/19,14:35:58,235,35,3090- 25,7,GD1,0.0, TT1
VCC3,2018/10/19,14:39:36,136,36,3011/ 58,-13,GD0,0.0,
VCC3,2018/10/20,09:44:54,206,6,3107- 76,-2,GD1,0.0,
VCC3,2018/10/20,09:48:40,208,8,3104- 76,-12,GD1,0.0,
VCC3,2018/10/20,11:15:06,227,27,3104- 76,-2,GD1,0.0,
VCC3,2018/10/21,09:34:58,230,30,3107- 75,-16,GD1,0.0,
VCC3,2018/10/21,09:58:15,207,7,3102- 76,-4,GD1,0.0,
VCC3,2018/10/21,11:16:19,210,10,3107- 76,-7,GD1,0.0,
VCC3,2018/10/21,11:39:24,233,33,3104- 78,9,GD1,0.0,
VCC3,2018/10/22,09:56:27,220,20,3102- 76,-7,GD1,0.0,
VCC3,2018/10/22,10:08:37,226,26,3107- 75,-13,GD1,0.0,
VCC3,2018/10/22,10:10:22,225,25,3104- 76,-5,GD1,0.0,
VCC3,2018/10/22,10:52:56,225,25,3104- 76,-8,GD1,0.0,
VCC3,2018/10/22,11:17:53,120,20,3102/ 12,-3,GD0,0.0,
VCC3,2018/10/22,13:37:01,234,34,3102- 76,-8,GD1,0.0,
VCC3,2018/10/23,04:05:19,231,31,3049/ 73,-5,GD0,0.0,
VCC3,2018/10/23,09:31:58,201,1,3102- 78,13,GD1,0.0,
VCC3,2018/10/23,09:47:13,225,25,3104- 76,-14,GD1,0.0,
VCC3,2018/10/23,11:46:55,211,11,3102- 76,-1,GD1,0.0,
VCC3,2018/10/24,05:54:38,223,23,3053/ 24,0,GD0,0.0,ST01
VCC3,2018/10/24,09:47:32,229,29,3102- 76,-6,GD1,0.0,
VCC3,2018/10/24,10:06:37,232,32,3107- 78,16,GD1,0.0,
VCC3,2018/10/24,10:35:03,226,26,3104- 78,4,GD1,0.0,
VCC3,2018/10/24,10:48:23,209,9,3079- 65,-9,GD1,0.0,
VCC3,2018/10/24,16:20:07,205,5,3102- 76,-8,GD1,0.0,
VCC3,2018/10/24,22:47:19,226,26,3003/ 18,-6,GD0,0.0,DISE
VCC3,2018/10/25,09:50:33,201,1,3102- 76,-3,GD1,0.0,
VCC3,2018/10/25,09:55:48,236,36,3107- 76,-3,GD1,0.0,
VCC3,2018/10/25,11:38:34,204,4,3095- 67,-7,GD1,0.0,
VCC3,2018/10/26,01:19:02,203,3,3013- 69,-6,GD1,0.0,DISE
VCC3,2018/10/26,09:52:04,219,19,3104- 76,-9,GD1,0.0,
VCC3,2018/10/26,11:42:42,218,18,3079- 65,-2,GD1,0.0,
VCC3,2018/10/26,14:44:09,201,1,3107- 78,9,GD1,0.0,
VCC3,2018/10/26,15:42:08,135,35,3107- 68,-9,GD1,0.0,
VCC3,2018/10/26,20:21:12,232,32,3107- 76,-5,GD1,0.0,
VCC3,2018/10/27,06:53:43,235,35,3094/ 80,0,GD0,0.0,
VCC3,2018/10/27,09:41:29,206,6,3102- 76,-8,GD1,0.0,
VCC3,2018/10/27,09:46:33,208,8,3107- 76,-9,GD1,0.0,
VCC3,2018/10/27,11:21:15,221,21,3102- 76,-7,GD1,0.0,
VCC3,2018/10/28,10:07:42,236,36,3104- 76,0,GD1,0.0,
VCC3,2018/10/29,09:52:14,227,27,3107- 76,-6,GD1,0.0,
VCC3,2018/10/29,09:57:12,220,20,3104- 76,-4,GD1,0.0,
VCC3,2018/10/29,11:03:50,227,27,3107- 76,-2,GD1,0.0,
VCC3,2018/10/29,11:19:50,231,31,3079- 73,-10,GD1,0.0,
VCC3,2018/10/29,14:09:43,212,12,3087- 73,-21,GD1,0.0,
VCC3,2018/10/29,14:22:03,225,25,3104- 76,-2,GD1,0.0,
VCC3,2018/10/29,16:09:13,234,34,3104- 76,-4,GD1,0.0,
VCC3,2018/10/29,16:54:02,226,26,3003/ 18,-5,GD0,0.0,DISE
VCC3,2018/10/30,06:25:09,201,1,3104- 74,-1,GD1,0.0,
VCC3,2018/10/30,09:47:03,227,27,3107- 76,-3,GD1,0.0,
VCC3,2018/10/30,09:47:34,213,13,3104- 76,-2,GD1,0.0,
VCC3,2018/10/30,10:13:05,201,1,3102- 75,-4,GD1,0.0,
VCC3,2018/10/30,11:07:20,207,7,3104- 75,-1,GD1,0.0,
VCC3,2018/10/30,11:41:12,126,26,3095- 68,-8,GD1,0.0,
VCC3,2018/10/30,21:42:10,201,1,3107- 78,13,GD1,0.0,
VCC3,2018/10/31,05:40:42,203,3,3049/ 71,7,GD0,0.0,ST05
VCC3,2018/10/31,09:36:30,223,23,3087- 73,-6,GD1,0.0,
VCC3,2018/10/31,09:47:16,228,28,3107- 76,-10,GD1,0.0,
VCC3,2018/10/31,10:07:51,232,32,3095- 67,3,GD1,0.0,
VCC3,2018/10/31,10:11:43,215,15,3104- 74,-5,GD1,0.0,
VCC3,2018/10/31,10:38:03,228,28,3107- 76,-5,GD1,0.0,
VCC3,2018/10/31,13:47:06,237,37,3104- 76,-13,GD1,0.0,
VCC3,2018/10/31,15:37:29,205,5,3079- 73,-5,GD1,0.0,
VCC3,2018/10/31,16:41:58,224,24,3104- 76,-8,GD1,0.0,
VCC3,2018/11/01,09:45:33,228,28,3107- 76,-4,GD1,0.0,
VCC3,2018/11/01,10:01:04,206,6,3087- 73,-10,GD1,0.0,
VCC3,2018/11/01,11:42:19,201,1,3104- 76,-2,GD1,0.0,
VCC3,2018/11/01,14:40:28,113,13,3087- 73,-5,GD1,0.0,
VCC3,2018/11/01,15:46:55,212,12,3079- 72,-4,GD1,0.0,
VCC3,2018/11/01,16:10:43,214,14,3104- 76,-3,GD1,0.0,
VCC3,2018/11/01,21:22:25,217,17,3107- 76,-4,GD1,0.0,
VCC3,2018/11/02,04:20:13,219,19,3013- 69,-15,GD1,0.0,DISE
VCC3,2018/11/02,05:31:41,122,22,3095- 68,-11,GD1,0.0,
VCC3,2018/11/02,09:53:05,237,37,3079- 73,-6,GD1,0.0,
VCC3,2018/11/02,09:58:49,232,32,3107- 76,-10,GD1,0.0,
VCC3,2018/11/02,13:56:18,231,31,3087- 73,-2,GD1,0.0,
VCC3,2018/11/02,14:26:30,235,35,3079- 65,-6,GD1,0.0,
VCC3,2018/11/02,15:09:32,202,2,3102- 76,3,GD1,0.0,
VCC3,2018/11/02,15:16:55,216,16,3107- 76,-9,GD1,0.0,
VCC3,2018/11/03,01:14:14,212,12,3003/ 18,-14,GD0,0.0,DISE
VCC3,2018/11/03,03:23:18,204,4,3003/ 18,-3,GD0,0.0,
VCC3,2018/11/03,03:59:41,105,5,3043/ 80,410,GD0,0.0,
VCC3,2018/11/03,09:53:35,219,19,3104- 76,-6,GD1,0.0,
VCC3,2018/11/04,09:38:20,233,33,3079- 73,-8,GD1,0.0,
VCC3,2018/11/04,09:44:18,217,17,3107- 76,-12,GD1,0.0,
VCC3,2018/11/04,09:50:51,236,36,3104- 76,-3,GD1,0.0,
VCC3,2018/11/04,11:14:10,208,8,3107- 76,-10,GD1,0.0,
VCC3,2018/11/04,12:00:20,230,30,3104- 75,-4,GD1,0.0,
VCC3,2018/11/04,14:15:11,204,4,3107- 76,-3,GD1,0.0,
VCC3,2018/11/05,09:46:33,225,25,3104- 67,-13,GD1,0.0,
VCC3,2018/11/05,09:50:19,229,29,3107- 76,-9,GD1,0.0,
VCC3,2018/11/05,10:16:03,226,26,3087- 65,-4,GD1,0.0,
VCC3,2018/11/05,10:37:02,229,29,3107- 76,-7,GD1,0.0,
VCC3,2018/11/05,10:52:40,227,27,3104- 67,-14,GD1,0.0,
VCC3,2018/11/05,13:59:41,220,20,3104- 67,2,GD1,0.0,
VCC3,2018/11/05,14:50:14,230,30,3079- 65,-10,GD1,0.0,
VCC3,2018/11/05,15:30:16,234,34,3104- 76,-3,GD1,0.0,
VCC3,2018/11/05,15:53:56,231,31,3079- 73,-3,GD1,0.0,
VCC3,2018/11/06,02:48:17,220,20,3049/ 73,-14,GD0,0.0,
VCC3,2018/11/06,05:46:58,110,10,3049/ 80,-3,GD0,0.0,
VCC3,2018/11/06,09:26:22,211,11,3104- 67,0,GD1,0.0,
VCC3,2018/11/06,09:51:04,229,29,3107- 76,-3,GD1,0.0,
VCC3,2018/11/06,09:56:42,209,9,3087- 65,-11,GD1,0.0,
VCC3,2018/11/06,10:44:33,113,13,3104- 67,-7,GD1,0.0,
VCC3,2018/11/06,11:42:15,213,13,3095- 67,-4,GD1,0.0,
VCC3,2018/11/06,11:44:46,201,1,3104- 67,-1,GD1,0.0,
VCC3,2018/11/06,14:24:03,203,3,3087- 65,-3,GD1,0.0,
VCC3,2018/11/06,15:50:50,123,23,3104- 67,-6,GD1,0.0,
VCC3,2018/11/06,16:33:19,207,7,3079- 65,-1,GD1,0.0,
VCC3,2018/11/06,17:33:08,102,2,3102/ 12,-11,GD0,0.0,
VCC3,2018/11/06,02:33:41,202,2,3102- 76,-6,GD1,0.0,
VCC3,2018/11/07,09:21:14,229,29,3104- 67,-9,GD1,0.0,
VCC3,2018/11/07,09:32:00,128,28,3079- 73,-4,GD1,0.0,
VCC3,2018/11/07,09:48:25,230,30,3107- 76,-4,GD1,0.0,
VCC3,2018/11/07,09:51:05,137,37,3087- 73,-11,GD1,0.0,
VCC3,2018/11/07,10:34:04,230,30,3107- 76,-1,GD1,0.0,
VCC3,2018/11/07,10:41:42,209,9,3079- 65,-1,GD1,0.0,
VCC3,2018/11/07,11:06:13,215,15,3104- 67,-8,GD1,0.0,
VCC3,2018/11/07,11:33:03,105,5,3079- 65,-4,GD1,0.0,
VCC3,2018/11/07,14:01:45,232,32,3087- 65,-7,GD1,0.0,
VCC3,2018/11/07,16:34:33,224,24,3079- 73,-10,GD1,0.0,
VCC3,2018/11/07,23:36:44,229,29,3013- 69,-5,GD1,0.0,DISE
VCC3,2018/11/07,23:41:21,129,29,3013- 70,-14,GD1,0.0,DISE
VCC3,2018/11/08,09:37:29,207,7,3087- 65,-4,GD1,0.0,
VCC3,2018/11/08,09:46:12,212,12,3104- 78,24,GD1,0.0,
VCC3,2018/11/08,09:46:26,230,30,3107- 76,-2,GD1,0.0,
VCC3,2018/11/08,09:46:31,114,14,3079- 65,5,GD1,0.0,
VCC3,2018/11/08,11:32:15,210,10,3104- 67,-11,GD1,0.0,
VCC3,2018/11/08,14:27:15,226,26,3087- 65,-9,GD1,0.0,
VCC3,2018/11/08,16:23:20,203,3,3079- 65,4,GD1,0.0,
VCC3,2018/11/09,09:39:34,208,8,3087- 65,-6,GD1,0.0,
VCC3,2018/11/09,09:46:55,226,26,3104- 67,5,GD1,0.0,
VCC3,2018/11/09,09:52:23,232,32,3107- 67,-4,GD1,0.0,
VCC3,2018/11/09,09:57:54,211,11,3095- 76,-9,GD1,0.0,
VCC3,2018/11/09,11:31:27,116,16,3107- 68,-9,GD1,0.0,
VCC3,2018/11/09,14:29:12,129,29,3087- 65,-1,GD1,0.0,
VCC3,2018/11/09,20:41:27,234,34,3107- 75,3,GD1,0.0,
VCC3,2018/11/10,09:43:10,218,18,3104- 76,-5,GD1,0.0,
VCC3,2018/11/10,09:47:37,221,21,3107- 75,-15,GD1,0.0,
VCC3,2018/11/10,10:30:38,119,19,3021- 33,7,GD1,0.0,DISE
VCC3,2018/11/10,10:57:27,206,6,3107- 75,3,GD1,0.0,
VCC3,2018/11/10,11:06:45,203,3,3104- 67,-12,GD1,0.0,
VCC3,2018/11/10,01:18:49,203,3,3013- 69,9,GD1,0.0,DISE
VCC3,2018/11/11,03:46:47,203,3,3013/ 18,-2,GD0,0.0,DISE
VCC3,2018/11/11,09:26:08,104,4,3102- 67,-8,GD1,0.0,
VCC3,2018/11/11,09:32:05,217,17,3104- 67,3,GD1,0.0,
VCC3,2018/11/11,09:36:49,133,33,3107- 68,-7,GD1,0.0,
VCC3,2018/11/11,09:41:45,136,36,3079- 65,-6,GD1,0.0,
VCC3,2018/11/11,18:25:13,224,24,3003/ 18,-3,GD0,0.0,
VCC3,2018/11/11,18:37:35,224,24,3003- 69,14,GD1,0.0,
VCC3,2018/11/12,03:27:54,226,26,3032/ 80,-3,GD0,0.0,
VCC3,2018/11/12,05:14:35,235,35,3016/ 28,-3,GD0,0.0,ST02
VCC3,2018/11/12,09:40:40,225,25,3104- 76,-8,GD1,0.0,
VCC3,2018/11/12,10:03:25,231,31,3107- 76,-14,GD1,0.0,
VCC3,2018/11/12,10:29:18,226,26,3095- 67,-5,GD1,0.0,
VCC3,2018/11/12,11:04:01,231,31,3107- 76,-6,GD1,0.0,
VCC3,2018/11/12,11:26:13,223,23,3104- 76,-5,GD1,0.0,
VCC3,2018/11/12,14:24:38,227,27,3104- 76,-8,GD1,0.0,
VCC3,2018/11/12,15:45:25,226,26,3104- 76,-7,GD1,0.0,
VCC3,2018/11/12,16:46:59,202,2,3104- 76,2,GD1,0.0,
VCC3,2018/11/12,20:06:46,120,20,3107- 68,-2,GD1,0.0,
VCC3,2018/11/12,21:51:22,229,29,3107- 75,-2,GD1,0.0,
VCC3,2018/11/12,00:43:52,137,37,3013- 70,-17,GD1,0.0,DISE
VCC3,2018/11/13,09:48:21,231,31,3107- 76,-2,GD1,0.0,
VCC3,2018/11/13,09:57:15,213,13,3104- 75,-15,GD1,0.0,
VCC3,2018/11/13,09:59:52,207,7,3102- 76,-9,GD1,0.0,
VCC3,2018/11/13,11:31:36,201,1,3104- 76,-5,GD1,0.0,
VCC3,2018/11/13,22:37:32,204,4,3003/ 18,-14,GD0,0.0,
VCC3,2018/11/14,09:41:57,209,9,3104- 76,-3,GD1,0.0,
VCC3,2018/11/14,09:50:39,232,32,3107- 76,-2,GD1,0.0,
VCC3,2018/11/14,10:01:36,224,24,3102- 76,-2,GD1,0.0,
VCC3,2018/11/14,10:41:56,232,32,3107- 76,-5,GD1,0.0,
VCC3,2018/11/14,10:58:06,215,15,3090/ 28,-1,GD0,0.0, TT2
VCC3,2018/11/14,23:57:56,228,28,3074- 15,-7,GD1,0.0,DOT3
VCC3,2018/11/15,09:38:23,236,36,3104- 78,9,GD1,0.0,
VCC3,2018/11/15,10:18:57,232,32,3107- 76,-3,GD1,0.0,
VCC3,2018/11/15,10:53:04,233,33,3104- 76,-2,GD1,0.0,
VCC3,2018/11/15,11:42:49,214,14,3104- 76,-3,GD1,0.0,
VCC3,2018/11/15,11:46:33,230,30,3090- 76,-10,GD1,0.0,
VCC3,2018/11/15,20:00:00,211,11,3102- 76,-3,GD1,0.0,
VCC3,2018/11/16,10:00:40,235,35,3104- 76,-5,GD1,0.0,
VCC3,2018/11/16,10:16:32,211,11,3095- 76,-8,GD1,0.0,
VCC3,2018/11/16,11:44:21,222,22,3104- 76,-8,GD1,0.0,
VCC3,2018/11/16,13:22:39,202,2,3013- 69,-8,GD1,0.0,DISE
VCC3,2018/11/16,13:38:59,109,9,3003- 69,-15,GD1,0.0,DISE
VCC3,2018/11/16,23:50:58,202,2,3079- 65,7,GD1,0.0,
VCC3,2018/11/16,00:27:28,202,2,3013/ 18,30,GD0,0.0,DISE
VCC3,2018/11/17,09:53:48,233,33,3104- 78,9,GD1,0.0,
VCC3,2018/11/17,09:56:57,218,18,3102- 76,-4,GD1,0.0,
VCC3,2018/11/17,14:11:06,221,21,3104- 78,7,GD1,0.0,
VCC3,2018/11/17,14:14:58,219,19,3102- 76,-5,GD1,0.0,
VCC3,2018/11/17,14:52:30,229,29,3107/ 16,-1,GD0,0.0,
VCC3,2018/11/18,09:44:30,217,17,3107- 76,-3,GD1,0.0,
VCC3,2018/11/18,09:48:54,236,36,3104- 76,-1,GD1,0.0,
VCC3,2018/11/18,09:52:28,206,6,3102- 76,-6,GD1,0.0,
VCC3,2018/11/18,14:13:28,214,14,3107- 76,1,GD1,0.0,
VCC3,2018/11/18,14:21:18,231,31,3003/ 18,-10,GD0,0.0,DISE
VCC3,2018/11/18,14:59:22,232,32,3102- 76,-8,GD1,0.0,
VCC3,2018/11/18,15:22:33,131,31,3095- 68,-7,GD1,0.0,
VCC3,2018/11/19,09:52:35,227,27,3104- 74,2,GD1,0.0,
VCC3,2018/11/19,10:02:32,233,33,3107- 76,-3,GD1,0.0,
VCC3,2018/11/19,10:44:22,120,20,3095- 68,-11,GD1,0.0,
VCC3,2018/11/19,10:52:08,233,33,3107- 76,-9,GD1,0.0,
VCC3,2018/11/19,11:37:10,205,5,3094/ 80,4,GD0,0.0,
VCC3,2018/11/19,14:23:36,125,25,3079- 73,-3,GD1,0.0,
VCC3,2018/11/19,17:21:47,120,20,3095- 71,-4,GD1,0.0,
VCC3,2018/11/20,09:41:23,101,1,3079- 73,5,GD1,0.0,
VCC3,2018/11/20,09:48:56,233,33,3107- 76,-12,GD1,0.0,
VCC3,2018/11/20,11:30:50,224,24,3104- 76,0,GD1,0.0,
VCC3,2018/11/20,14:18:35,228,28,3086/ 72,-11,GD0,0.0,DIL2
VCC3,2018/11/20,15:46:46,223,23,3104- 76,-1,GD1,0.0,
VCC3,2018/11/20,16:03:18,207,7,3102- 76,6,GD1,0.0,
VCC3,2018/11/20,00:02:14,237,37,3079- 73,-7,GD1,0.0,
VCC3,2018/11/21,09:38:44,128,28,3079- 73,-7,GD1,0.0,
VCC3,2018/11/21,09:50:09,224,24,3104- 74,-8,GD1,0.0,
VCC3,2018/11/21,09:56:38,233,33,3102- 76,3,GD1,0.0,
VCC3,2018/11/21,10:14:20,234,34,3107- 76,-2,GD1,0.0,
VCC3,2018/11/21,11:07:00,234,34,3107- 76,-3,GD1,0.0,
VCC3,2018/11/21,11:27:52,205,5,3104- 74,-2,GD1,0.0,
